"Algorithm","Hash","Path"
"SHA256","FF6BE0DC7E23CC5E462C627856278C99B86694CDD20EA00D5D9BD7E1BF99116F","C:\LAB3\Evidence\auth_events_before_rotation.txt"
"SHA256","5733FC1C3C966DCD03227708B1DCBDAFADEC1C5ABCD3E3D212CA9FA2CDE5E9EC","C:\LAB3\Evidence\autoruns_after.csv"
"SHA256","F822C1E33A8B3EFE810AB2AE1D6252A97966ECF167F95D46A1AD0B753A7D14BA","C:\LAB3\Evidence\autoruns_before.csv"
"SHA256","8B9D9254CCD12504D42B5AE7BF888249C6E35860D5DDCC062DBF050CDB7552BC","C:\LAB3\Evidence\autoruns_th4.csv"
"SHA256","09E8556570C46CBF16017A7CD3BEC70CD7D9064D741A816A8CE526CED53FF26D","C:\LAB3\Evidence\baseline_defender.txt"
"SHA256","63422460F398A5848552423D9D47BE7DCFA852A2F1765D5FE2F5716726FB9A40","C:\LAB3\Evidence\baseline_firewall.txt"
"SHA256","82AB7B8F182E25599174A30DC670FE59A713CB12E37D0ED085C2A1C68D69E012","C:\LAB3\Evidence\baseline_network.txt"
"SHA256","EBF68DB1D9EC25B152DB4055CB8C9EFB545F35AEBE74D974D0D28B254CA7F4C3","C:\LAB3\Evidence\baseline_os.txt"
"SHA256","3CC186A67A5C76638B85FBA1795870BCAE1EE1876DFA54F8EB349F64E1FBAF34","C:\LAB3\Evidence\baseline_processes.txt"
"SHA256","C37CAEE152026DB8B9D3CCDDD3FCA127E733E7BACEBFF790B747564206757B7E","C:\LAB3\Evidence\H10_Localhost_8080.pcapng"
"SHA256","95802947F4AE188D66C8B71C245B1C9097BE3E9D67F96EE188903DCE200ACD5B","C:\LAB3\Evidence\start_time.txt"
"SHA256","5C17AEB440FDEECE0CDABEDEABFB5A377AF113E5D0B92095BC5680461ABB0EF0","C:\LAB3\Evidence\task_ran.txt"
"SHA256","64D45F8DC08039B612F6EA7919EA1FFE179DA8306386D3C0C42C9C6849314926","C:\LAB3\Evidence\TH1_Answers.txt"
"SHA256","A6221D6D566DDF3966C8C9CD926B74CCBD180C66AAFB92AB947E9F5BB86BF810","C:\LAB3\Evidence\TH1_Risk_Register.txt"
"SHA256","3AC15151479826447DA054B4500C1CE7EFFFAF893B6BE9AA799FC6C677023CFB","C:\LAB3\Evidence\TH1_Threat_Classification.txt"
"SHA256","3AF26505A781A37CCD39DA9EA512A7A1707D6FE3ED4E81B0D88AA7775B4597BC","C:\LAB3\Evidence\TH3_auth_events.txt"
